{
  "LinearRegression": {
    "MAE": 37493.18583962753,
    "RMSE": 44806.66137124301,
    "R2": -0.38309339629019945
  },
  "DecisionTree": {
    "MAE": 70988.88888888889,
    "RMSE": 98304.59467051036,
    "R2": -5.657542865890999
  },
  "RandomForest": {
    "MAE": 46030.416666666664,
    "RMSE": 51082.555231295286,
    "R2": -0.7976765952713567
  }
}