feature,importance
YearBuilt,0.47004702140048654
GarageArea,0.20657673720090694
OverallQual,0.1067644198077395
LotArea,0.09013256658320426
FullBath,0.06218051489736958
GrLivArea,0.03888492506747182
BedroomAbvGr,0.025413815042821437
