,MAE,RMSE,R2
LinearRegression,37493.18583962753,44806.66137124301,-0.38309339629019945
DecisionTree,70988.88888888889,98304.59467051036,-5.657542865890999
RandomForest,46030.416666666664,51082.555231295286,-0.7976765952713567
